-- phpMyAdmin SQL Dump
-- version 5.0.2
-- https://www.phpmyadmin.net/
--
-- Servidor: 127.0.0.1
-- Tiempo de generación: 17-11-2020 a las 00:01:16
-- Versión del servidor: 10.4.11-MariaDB
-- Versión de PHP: 7.4.6

SET SQL_MODE = "NO_AUTO_VALUE_ON_ZERO";
START TRANSACTION;
SET time_zone = "+00:00";


/*!40101 SET @OLD_CHARACTER_SET_CLIENT=@@CHARACTER_SET_CLIENT */;
/*!40101 SET @OLD_CHARACTER_SET_RESULTS=@@CHARACTER_SET_RESULTS */;
/*!40101 SET @OLD_COLLATION_CONNECTION=@@COLLATION_CONNECTION */;
/*!40101 SET NAMES utf8mb4 */;

--
-- Base de datos: `tp2_prog`
--

-- --------------------------------------------------------

--
-- Estructura de tabla para la tabla `comentarios`
--

CREATE TABLE `comentarios` (
  `id` int(11) NOT NULL,
  `idPost` int(11) NOT NULL,
  `idUsuario` int(11) NOT NULL,
  `txtComentario` tinytext NOT NULL,
  `fechaComent` datetime NOT NULL DEFAULT current_timestamp()
) ENGINE=InnoDB DEFAULT CHARSET=utf8mb4;

--
-- Volcado de datos para la tabla `comentarios`
--

INSERT INTO `comentarios` (`id`, `idPost`, `idUsuario`, `txtComentario`, `fechaComent`) VALUES
(207, 71, 28, 'Me fui a brasilito', '2020-11-12 16:38:42'),
(208, 72, 28, 'JAJAJA', '2020-11-12 20:25:57'),
(209, 71, 28, 'Hola', '2020-11-12 20:28:41'),
(210, 72, 29, 'No', '2020-11-12 20:30:30'),
(211, 71, 29, 'aaa', '2020-11-12 20:30:50'),
(213, 74, 28, 'as', '2020-11-14 20:21:28'),
(214, 72, 28, 'A', '2020-11-16 14:47:09'),
(215, 74, 30, 'Que buenoo', '2020-11-16 16:18:20');

-- --------------------------------------------------------

--
-- Estructura de tabla para la tabla `posteos`
--

CREATE TABLE `posteos` (
  `id` int(11) NOT NULL,
  `idUsuario` int(11) NOT NULL,
  `urlImagen` text NOT NULL,
  `txtPost` tinytext NOT NULL,
  `fechaCreacion` datetime NOT NULL DEFAULT current_timestamp()
) ENGINE=InnoDB DEFAULT CHARSET=utf8mb4;

--
-- Volcado de datos para la tabla `posteos`
--

INSERT INTO `posteos` (`id`, `idUsuario`, `urlImagen`, `txtPost`, `fechaCreacion`) VALUES
(71, 29, 'https://www.lugaresconhistoria.com/wp-content/uploads/2017/04/reconstruccion-Ur-e1494532966931.jpeg.webp', 'CHau', '2020-11-11 20:21:17'),
(72, 29, 'data:image/jpeg;base64,/9j/4AAQSkZJRgABAQAAAQABAAD/2wCEAAkGBxQSEhUTEhMWFRUWFxsaFxgYGBggGRoaHR4YFx8dGR4YHSggHRomHh0eITEhJSkrLi4uHyAzODMtNygtLisBCgoKDg0OGxAQGyslICUyLS0tLS0vLS0tLS0tLTIvLS8tLS0tLS0tLS0tLy8tLS0tLS0tLy8tLS0tLS0tLS0tLf/AABEIAQMAwgMBEQACEQEDEQH/xAAcAAACAgMBAQAAAAAAAAAAAAAEBQMGAAIHAQj/xABJEAACAQIEAgYFCQUFCAIDAAABAhEAAwQSITEFQQYTIlFhcQcUMoGRI0JScpKhsbLRFWJzwfAkMzSi4RZDU2OCs8LxRMMXJYP/xAAaAQACAwEBAAAAAAAAAAAAAAADBAACBQEG/8QAQhEAAQMCAwQHBgIIBgMBAQAAAQACAwQREiExBUFRYRNxgZGhsfAUIjLB0eEGMxUjQlJyssLxJDRTYpKiJYLSY0P/2gAMAwEAAhEDEQA/AOw8d6rqW65zbSV7YMFTmBUg8iGiqPthzR6bpOlHRi5zy45Z+Cplrh9vE4Q29Sjtc1ls09Y5zEsoIedTI3kRFBDQ5linpamWlrekbqA3hb4RlkSLW0seBSPBYLC8OctcvgNpILZnjcDKiiBOuvcNqGOjh1Oadnkr9qtDWx2aM+Av1n5LfpN0g63C3VTD3gpAl7gVABmXUAklh+tSSTEw2B60XZuzhBVsL5W4s/dGZ0Kr3o//AMSfqf8A2WqFT/H2LS/Ef+UH8Q8ioelmDuYbGO4LLndrltx+8ZMHvBMEfrVZGlj01syeKqo2tNjYBrh1fVE4XpziFEOqXB3kFT/lMfdVm1Dxrml5vw9SvN23b1G48fqmFjpbavdm4pt5tJMMhnTtaCB5gjviitqGnJwWbNsCeH34HXt2Hs9BM1BGgPMk+Z1nTTnR1iBuea2tMZrl1HAJjhWNXS7gjMdjlw9i5euGFRSfM7AeZMD31FQrilvFNmDloa52iS3fyljNWXAbL2/funUSSNRAjY8iPfUyXTdZfxQZOstyr9ksnipEkfAaeXfUVU44RxwW+qtrqAq685YZt+9c2WhvbvRWO3K4cE43mudVGYEyCBsDrqeWpqN0XX6qx4jC1ZVBUHqtRdxKm8Owd/EG+j3zYwVm+z3X2AbMdFgSXPdy0O8ApNa51wTZoK9k+WGBkTmsxTOYABytv4D+3FEcT4uMdexlyysDqraW5iWhwAT5k/CK65/SFxbyS7KQ0Yp2SHe4nl7qtXrFr9p5czftD1bJH/xs2TPH09te730a46X/AHW7FnYJPYMVh0OK/wDvte3Vrlx7FF0IUjCIre0GcN5h2B++uwj3BdKbZINY8jTL+UK88L/ubf1F/AUw3QLOl+N3WUVXVRA8awRvWWtq2QtHajYSCY8Yqj24hZHppRFIHkXtuXMOmHEr2Dw9vDh/lXa7ncEyAHYwCdZOb2t9D30nK4tAbvXpdmUsNXUvncPdGGwPHCN3ySv0f8LW6xuNvmIB5iACY7icw130PfXKdozcVf8AEdXJGGQsNgRc89wCs/TdbdrA3QAqliijvJzq3vMAn3UWc+4Vk7CjLq5pG65PdbzKpvo9/wAUfqD/ALlqgU/x9i9B+I/8oP4h5FXThPFbPErTBrYBBgoxDeR1HMbGNwe6mGPbIMwvPVlJNsyYFjjno4ZdYSzHdA7JPYzL4K2nwcMfvqppmnTJMxfiKqbk8Nd4Hw+irXHeij4dDcDZkWJkQQCQAdCQRJHd5UCSEsF73W5s/bTKp/RObhcdN4Kb9EHL2QG5ZgPqjKR+Yj/p8KPBmxYm3WNZV+7vAJ68x8lYUw1GssbEjcPZqyGSlnpEI9QYEkZrlsAD52uaPgCfdUBzVSqv0T6MesOqsuVZzNO4SPZHiT/M+FVc9EazeVaeJ9EUuN1dlFtog7dwZiZ+igmM3exmPOhC4F0e4cbKncU6OZXyg5lEwfneRPP30MVSK6jHFE8F9Hz3ySjgQJ138KYZJjCWkiEZzUnRHhuIF+4FBHVnK2sdoSNJ56d1WyCEV00W+yJ1Mc9/fFcBVUPfuKntGJ/rlVJJ44/jcB1myJHE+T4RdKsNhrlpXtJdw7Iztdy3LOYy5LfTAMVxtgS0Ece9Pvqg4teWOuAG3DraC3BJ+KYOTdZntKbltU+St5AMrZpiTr4+VcdGM7m17Dgrs2i4FmFhOAl2ZJvcW1totG6QXxr1ljrcuTr+pHXZfrTH3UTCdbi/G2aD7VH8PRuw3vhxnD3Wv4ovovixatrazZ4JM98kmfjXGWAwg3sg1sj6iUzFtr/IALo3CTNi1/DX8BR26BKy/Gesouuqiyooua9P+j7Ylc9v27b3IB2YFjInkdNOW9KTRl+Y1C39kbSZSSFsnwuw58CAqbwMY3COTbtA5okOVy6bGQwg786AwSMOQW3XS7MrGDpJBloQc/L5K1Jwq9jVJxRWMrBQoIRCREoCZZ/3joNhMyD9GXD3/wCywRtCKleBRg2uLk6u5cgqjhuFY3CXSbagMARmlCpGhntHTUA6xtS7WSMOQXoZq/ZtXFaV4tkbG4N1YeFdGbtu0l2wwS8kyYOW6CcxDjfKNADE6TzGUohLQMJzWNNtmKeV7JmkxG1uItvHXw+92lvpDdAi9hHDDnbZGB8dWBHlrVxI4atPYlHUFM43iqG2/wB1wR67Er41isRjF6lLPU2yRmLMGuMAQYCptrrr3DUa1V2OTK1gm6U0VA7pTJjfuDRkO311J9wTgXU2wIjQADcganXxJJJ86M0BosFjVVS+olMr9T4ckxGGq6At1sVxculPSDDC89q0ROSXj972V/8AKhvfYIscdyjeD8O6ts47o38pkUvjJTRaALJzixIiYzD8KI7MWQ2a3VL4nw4ByQ0ye/WkT7pstMOxNTrohZym4Q+oUb/fTtMcikKvUAo6zhcl26RtcYN78qg/fNFabpOQIkiroaW8awwZQzNlCkH2Z19xFI10MbmYpHEAXGX+7LgU3SSPa7CwXukmIRTBkidtAdRC9+xgfGsqdtK+TG8uGIYr5WF79t8j2LRjdM1uFoBtlvQQtwBlOg0HZPORHtajX7hVXR0Vz+sJPV2/u8vNFxVB+IDvURwx0IIJyxqNIMyd9zHl8a7IKZrLAmxIPcbcN3erN6TFc2y+x+iLwmHLsAXg6fNPLXSTpzn/AEo1HBT9IHRuNxn6y9dqBUPkawggWOS6TwkfIWv4a/gK9Ez4QsWb8x3WUXVkNZUUVff2m+u/5moJ1RH69g8ghsTlUZioPu/QGlaqp6ANOEkuIaALanrVo48ZO5eW8eM2UiNJnly8PHz8KBDtKKS9/dA1uQLG9rEXvrv0RHUxABGakOItnWVNNe0w2vjHeOrzyQ+hffReJigXCqJETmnT3d/urjKhrpjELZAXzG/lr28110RazEVM1lTuoPmBTCEvUtgbADyFRRY1RReVxRZFRdSqzjLTXEt5gb2UnKJLKCSTmjQAGPGkyc8lplrg25GW7sTLD2StvTUgaAGutbkhucMWa5l0lwuMDo7wmcts5lANs0nWfCiMDQPe1XXl5PuDJS8JwGIey918wVPpT2j+7zocjBe4Ro5dx1Svg3SlrN6bfaj2gdvM/HejNiLRdLvlbIcK6jwjGi8zuARmW23KNQRpznTX3V2NwKBMwttdM6Il1HiLSspVhII2qr2NeMLhcKzXFpuDYqrXMYkR1I7OkB28T3666ViicPIxU3AZjTP+HmVsCDhLr1Ie/lU5QnskasSeyMoGx8h7qpIcBIbFoTxuczy33vqRYo0YxDE52Z7M15adSsFQI2ZWYZZjfXWJifChl2KNxMOY0uOJO627VXcLOyOqk4PcWZABK6TJ56mJp6lIIxYcJ07Al6gWyvzXQ+EGbFo/8tfwFbMfwhY8/wCY7rPmi6uhLKiiQsurfXf8zUE6or9eweQQ+OtFlhRJnw/nWftCmdUCNrdzgTnbLO9leF4YSTwQmL4eZhASMrSZG5AHh3UhNsxzZLwtGEYcr6kOub348SjsqBh9853UNu0zMSFmGWQI07A8aSjo55GP6MDMPbraxx34IzpGNsHHn5qTBYF1ZJG2WYjSFI/nyrVpaOSOcucMruINxb3jfS179tsskCaZrmZeXNOMta6TWZKii1y1xReZKii2CVFFX8Nw/D4N2Kibl5mExJXOR2c3zVnWJnX4KluG4Wo+V0wBOgsmWDx+W2CdwNfMVRsmEXK46IPdZIuIcUFy4ocJ1ebWRr8eVA9oLnJxtNhYbaqycRyC2gAyoLluRHzc0fDWnnWy6wsxgNyN9iqnwvgGGs4x7TgspBA001kQ3iNR7q6XZ2K6GHBiaFbMNYRWZUWAoVdNtBI98N+FWYLaIEriQLojLV0FDcSDC05QwwEyeVBqA8xnozY/fPcd3Io0GHpBiFwkk4pgCGBkHUMnOCIrP6OuvcSC3Z/8rQDqZp+A5cj9VFiGvrLMwCjT205mBJn+vwC6KsAzeL5evh9diYYYjk1p7kFfv3CCpPOGhh37b6GP650HDUXIMg3Zdf8A670doYLODfBbYFGziQYjmQZOncTrvTdKyUOPSOB9dQ3Jeoc3DkF0Pg4+Qtfw1/AVtx/CFiz/AJjusoyroSyookZ3b67/AJmoJ1RX69g8gh8TaPtBiIB2n8AfujWuZb1aNwtYhC9dcAI7XfrB3BMA684UTUsi2jJWoZgzMrEzsIEHaD8N410NSyh6MgAgevWSkXE3JG8SPoyBAmdN9fuPhMXLR+ro3DuSilhBIBI7jXBolza+SlqLi1NdUXq1FF7UUQmPwSXMpdASjBlPMEeO8eFDk0TEGpSPhl3tC1OYuSpnvWd/CJ/rdKNt/d4rQkNve3BOcJhLYebagXEEHNM67nyMbjbXxFNMa1vwjNLySOIs8mxQHSK9Za2bbu6vKytsyw5gkc108J8DVX4TqiRCQG7bdqS8EwN5Xbr3BZXdsw9m4lwls6eT5pXcSBXHtJOXq6K+RmFtuAB4gj6hXZNu6mG5BZMhuVtNWVFreTMpXvBHx0qrxiaWnerNdhIPBVJ8MitHXTEzKHQSdRHjprXm5KegBw4iLGxy5dXittss7m3wDPn63KPEYa0ugvMQQATl2GQmR5yDp4UaaGjZKWZ31sNM7W3Z/K5VopJ3C5A9FDYkBRK3JA11tkd77T/W29K9FSE2Bdw+XBHBedQOGqzhUhzJnYbeZ79d/wAK16GONrLx3sc/l8khVvJOY0XSuEf3Fr+Gv4CthnwhZU35jusourIayookvNvrP+ZqCdUV+vYPIIDNczwZAkkarquu/wAQNI2k1zeinBhyHBajOFaQ0GYHZPabXSDsDO9dB4qEsLgVpeLiMwIGYRqnhpvsDpNcurNLCMl5muSQJVtCdVnRY0111A18T3VCpdlgbZI7B5u0Wn2jAMbb6R5x7qiA+18kTFRUWFaii9C1FFredUUs7BVGpLEAAeJOldsTkFNEJbxiXBmQysaHWD5TuPHnQXncmoWEC/FUvG2M2PFlXKZyGVvo6AyvjI/rWl2sxOTrpMLbqyDHXD8iwVcUswxEK6f8RO8bZlnQ+40w69skszCXZ6JRdw+eXtdm+jdsTOp8TEo39ailzxCcB3O7FJw7i1u1f6u4WVXYBkOoDMRBEifajarROs6x0VJ48TLjUK4ZKbWSV6VrozVULiMUFq4auEqr8Se0CXygkkbsQBqdRBHM0lVU8ULDIIg4k6Wv17inqaaSQiMvsAhTftk6qm3ZMxlEQBE93f4+E5tXK5r3joQTfI2OmVr5Z26+HO2jAPcBxnquh7+UgDLBO5VnE7nv20+8UKMh5s6IDs6uSOTYZOuosJdyTE78yT+NaUJAyGQSMwJzK6hwFpw1g99pPyitNnwhZk/5juso+rISyookoGrfWf8AM1AOqK/XsHkEDjEzH2lAAPMgzoeQ8AfKagKLHiaNEPdUrrI5HfTsjtDbSZmPfyipdFaXHd6K3GHJQLnE77kbKAOWmoDe6u6IeNwcXELOoJI7SyCWAzGNlGuncrfE91c9eu5dxkZ2KPwjCAkyVUSe/l+I51EBzSMyp4qKi2y1FFW+kfTGxhD1Y+Vux7KkQvLttrHlBPlTcFI+XPQIUkoYEg4BjP2jcuXMTDNaZertfMRSPaCndiQe0ZOmkUPaEZhwtZoRrxTNCWvBc7VW++oCECs45BaDc3Kj8fQuwZWy3E9hhuNZ5/0KrE+yvPHcZInA8S/aAl5TFWMpgGMsR207wSYI8xqDqWQEHG1Ahc0jo3Cya8d4vbspm2uEgMq89iZ020oRzyCOBb4tNyQ4fjBxN0BlU/Lo1sMNhIBAI11gaba1fMKjrEXGS96V8bv4bGMlq8yB0Rwmh3GWYbaSsad1bdGyKSMBwzWLUl7XnCorPT+/kbMqXMgLMxGUjkB2dJJ8O+jPpIhpkhNkfvW+N6TLcsC8VcKSBpupzb7jQwe6dtJpGro5pGD2dwBBvnllY8jx4c9ycpJ2Nk/WDK1kpt8eW65hLpWBA0nNJJ2bbLHPeazZ4a+GH35Wg315WsN3Hkt2CmhecTWorA8ZUsoCXRm9kHKJAJXk+pJ/CsuSOqAdeQZa535/urRNKQ05DLwTNceXiQxE66iPEb66RpSz46l124xp56butAc0N3WQV5oCgKwOkkkQd55nw++mYWzNddxuM/tuCG/C7QLq3Rs/2TD/AMG3+UV6CL4B1LAqhaZ/WfNMqugLKiiTj5313/M1BOqK/XsHkEqxFlFJ7Wu7acjMzJ7iT7q5dGaXuC36tSSC0QG5anQBvvIPwqclLvFrLYIispmZJjz9nmdp0PeYqDiuXcR1LTDogYdokAaf54G87M3wrq67GddUZw2yoEqSeWoIiC2muvP8KqhSEl2alx+Nt2ENy84RRzP4Abk+A1q7GOebNF0Jzg0XK5j0m6eXL7dThptW2kZv94w8x7I8Br48q16ehaz3n5nwSj5iRloqWX+WYATlhfhqfvmjdK1rnOcbAZK0VO+XDGwXJRHCOI3MPfW8vkVJ0ZeYMd/3aUhVTwStsT9lsxbJrIiPdA6yF1f9tW7uGF5DI2PeDzB7jWHIbBOCBzJMLgqNxzHZz2dBVI1eQKDA8U6q5bukFioIPip0IPf3+YFHHBLOZni3rzi2HYXmZzmzHMGGzA6gj3VGncqvzWYdgARzGqnvjceY39xqHiuN4Ir0o4Y3jb4jZOa2ba2mK/NdSxhu6c2h8PKXYZDlZJSRNsQdR4hU25iotBZ1cZm82OnwAB95p4SnCeaSwi6sPArqkCy/s3UAI8Cq6+4gkeMnupiIFzUNzi1wKhwrPhiyrGYShkGNxroR3CsraFMyqAY++Rvl65r19G9rmA9qmPFL5frISYy7MBGbPyad+UxHKs5uyIRH0dza993C3D7rTAjw2v6tZGW+MXDAfKACT2QRvqd2POqM2THC7G0k7s7fRLviDtFve4oDRRTklDFORmV2LosZweGP/Jt/lFPMFmgLzdX+e/rPmmlWS6yoolKDf67/AJmoJ1RX69g8gl2PtKHk5oIaYYiNPDvE1EWPEW5LQKkGA0tKauTymQe4wPurgC7ZxOunJaBlKoGBGg1DN8/Wf561LcVbAbnCeO4LVUUjKFJfQEZzAIkxBI0mT/7qKG4zJy6kk4v02Swgt4YLcua5nkm2rHfX55mdjHjT9PQufm/IeKzpqkAm2a59j8ZdvMXu3GdiSZY6Ce4bAeA0rXZG1gs0JEvLjcpfbui2Sx1I2qxNhdWsXKHCAhSTu5k+X9a/CvO1MpN2r3GwaVscZnOpyHV91JSa2+jc83KM4fxF7JOU9lvaU7N/r41C0OFiuz0zJWZ6jQpph7tq+pPWBCN1glh+Cx76DPG6A8RxXl45xJkBmNQtrXDkY73SO5UU/eHP4Uuai2VvH6hXwu5LOIXrRvLhw7IVXLmubZyZyHu3iY0Mg94fihPQ9IfQSUs15cGS8xGAdDJEQd9IoQciYSnHRzH28tzDYhPkcQMjxsCdA4nZh+ndRGSYShyxFwvvXPOI8GvWL74a4O1bbLOwYQAGHgwgjzrRxgapCOB8mTQjMBigLhblm+CzoB7gP63dgcAc0nI24VrxmGJZLrKB1qkxz7JK6+MAUlO+78lubOeRTkcPmsu2BGgrrWrralwfZJceIqrslvUhx6oFXNBDloSRtsvoLokf7Fhf4Fv8i1YaLw1Z/mJP4j5ptXUssqKJSnP6z/magnVEfr2DyC1ewpMlQT3kd1cXASvBhEiMix5DnUUuVscIh+YvwHl+FRS5VH6c9IFQthrCrmIi7cEdmdCi/vEbnkDG+2lRUuL9Y/sCVnnt7oXPLt2Nq10kBdCXMTXLooYgw0mTsNfP+tqXlfYI7RuROHuSNe//AFrDqx7117DYc+KDAf2Tl25qQ0uFvdPhGQXhJqBLSTTH4AoLbMj51OVgZBH845HY+FabYRLDZwuF4iqxw1LtxvfvzTXE9KOzlGH7cbsUInvA6uYnXeswbKwu+LLh6PyR/wBJPtkB3lIrGrmfmiWNaU7bNwDX1kubODXT45M2i5J+vauhrfbG4dLykAr2bq97gDtRyzCG+PdWVNGY3ZjVMwyNePd3IM2SNxBoARky4hw5sbhUZNMRhtCT860TuefYOvlNMtksw77Zpdz+hcSND5oPo90BtsRnvsWXkqqB8DJpaLbgLr2A61mdC5w0yVj6T8G6m1hhmLBWdZO/ahgNPI/fWjHKJRiTVK/o7t4oBuGMw7M0wHKxNjdLMVwJm3rhN09DW9Ggk6OnmaHhTbtrgiy7R0Zt5cHh17rNsf5RUGiwal2KZ7uJPmmddQFlRRLLY3+s/wCZqCdUV+vYPILeK5dUWAVFEi6WdIBhbNwp2roygAQchecrXBOgMNE7kRTFND0rwDohyvwNuuR37+hLGWYkknck6knzNegAAFgs29yk2Ju+NcJsjMahie+lZJtwRgFu1o6CNIk+fL9fhSsszQQ0lOU9FPMC5jcgvRdCDtHfalJgJLYVpUM4osQl320zXn7RXkCfdQRA5aA29EzRpKkTGzsvxiitp3FR34kA0j8VsRmE7VczGEYEo6D9JuNR8O62ui9sYZUl27R+aD+J76F7S+/u5c0w3ZMNMwyTZ8ty8uLFvLzuNLfVn9JPwqrQXyBBltBRHKxk8lcOiGKBs2z1SIlwm3dcN2mYSEcr3AiJmJc0vVO98gnfx7dOAS1EyLoS69ndWRsba8Tw5Jxj8KYIO4MedKXTC26PYvqLwYmAdD/r4URj7FDkZiaQpOP8B6tjicOvW2GMshuMqWjzMJqbfPw8qHUU/wC3HlxsAT4olJUhv6t5twNh896MwGJTEWTbV7RIIZcnXZZHIG5I1EjQjeu0kjmus6/bb5KtZA4EPse23yzVh4UilRpyrSLikXBS4jhynWKsCl3JZfwSir3QyrTwYRh7I/5aflFVGivJ8Z6yjK6qLKiiWWuf13/O1AOqK/XsHkFJUVEp6UcYOEw7XVttdeVS2gB7TuQihiPZXMRJPluQKsBdcJVU6Q37C5lfDNbxd7BNcvsyAGVayq5mUlW7egCkx2eUU3T/AJjbcUKX4Cue4poQsdzt762ybJFguUluXI86Rmm4JtrVpY7RFK4t5RWML3Bo3ppd2056nw7h7hWcXYnFxXsBTyNgbDENcygsVhwSpPjTlK0PvyWHtWlfBhLt9161jJoVgwDrvBAYH3gg02zAdFjm6Kw2AuOhcKerG7nRPtNoT4DWuGZgdgvnw39y6ATmtMOwg+e1KV8eFwK9RsCaNsTw7UHLtC2YZzqfPwFJNNs09Ox1W5rN18+pRYls2aO6F8OX4UaK4Issyue2QyG2gsEXgMTdNkW7bkFS0KIBIJzAqdyQZ0Gu3upNSRCQyvZe9s9eRHcsqCZxb0d7a/UK+8Oc4jDrcGYFOy+cEGQBr4yOffNIvbY6g9SfifdufihbqTzrgRCmPR/pA2HfK2ts6Ed3iKM1xBS8kYeFY8bhXKi/gmJgT1AbKjj9zQhW8CI8qsymic++hKA6dzG4XNB5nVILPScB82UoHJOVt1YaMunOdeW+wrRNMW7781WJ4lblqEyHSCRvVMNlDESlOM42JMmuAqexv4LofR182FsHvtIf8oqDRAmFpHDmUxrqGsqKJXbO/wBd/wAzUA6or9eweQWXrwRSzEBVBJJ2AGpJroaSbBUJsqpjulN27hnbDW7DMLqFGuXkCsmdWDkNqCoHaVsrAzAMCWehc04SCh4wRe6rPSrjovqvWZDcygX7iTlIBzC1azam2G1JPtEDlT9LTlpxu7EvLKD7rVQeJ43rGnZRsP1q88m4LsceFLHakSiqfhhlj4CgTOIatPZUQfUC6ZTSK9w6NxzBUOK2Hn+taNBq4Lzv4ijtEw8z5fZWTiPSrDtFy3grfXlVDPc7SggACF2JAGhMbClINjzglsk5wXOTcjnz3di846dpzDc+arXFOLXbzZrrs7cp2UdygaKPACtdjIaVuCFoHn2nUoLiXZuKjwSmCTzj+dI1NzYlbGydXW1y+aM2HifwpM5r09vZ48/icokEGi3yBCx4YgJyHHLNQpbOWKfdOxrbXzWIzZ87xfDlxKsPQPGCxiOrdgLd8dWe4PPYPxJX/qpCciUZJoUr6YhziM1ZeI2CrGs8Jkpa+unOrLia9GeNtZfIScp5dx7xVg4hCcwO1R3TDA2cXg79+0Ml+0we4FEZiNCSO8qd/CtKiqLusUoY3RPBC55YxT5IzH401O0XyXoKaMGxIULMeZNIZ3WnI1mFfQfRH/A4X+Bb/ItEGi8VV/nv6z5ptXUusqKJXb5/Wf8AM1BOqK/XsHkFz30hdJVdjg7JkLrfYbSNrfuOp9w761KCnt+sd2fVJVEmWEKmXVGgXfwrUukks4mTsTr3TJ8z3UN7gAjxBKb78u6suR2JyZCGvXAKGSrBE8HO576WlBIyWxsctbNdxAy3pnmHePjS/RP4HuXsPaobfG3vH1WmI1GmvlTlK0xuJeLC29Ye2AyoiDYSHOvewNzaxzULWmiY8tvjTxqYWNJBzXnv0ZVZXYc1lnCZd96WFTEMzclNjYdUQSbAcz9EZw/A3HaFQ3GPsou5gEk60N72THM2R6aN+zWe0PaHXyAvv4pc+NZtdB3VGwNCUqdqzzuxHLqTroXwI4/EiyzsoKMc4UsOzGh2A338hzolxHmAkHSPkN3G6N/2ZvW7ht4jLYyIruzEEKrSF2MEkg8+VKSgYyQt5lcBSM46d3oIHpDwfqbT52kwjWmT2XVie1Pu/rSuMyKSqqnpWDkrHwPi5xeFS4dbls9Xd8TAIb3iD5k0tNHgdcaLtPLjbnqtmWeXvoKZTDA4FLpQF8rzA8asBdDJIRPGsLcwa4otrau2wqnkWYhY8wJPuo0TS2QIkDRUODR6sqEorVJutctwBaSsxOtV6I6pWWqNrL6B6J/4LC/wLf5RQBovO1P5z+s+aa11BWVFFX72KCZyxgKzk+QZjQ7K7/i7B5BUzj3RlcQDesDJfYklfmvude5p5/8AumaatMRs7NvkhSU4k+HVc5xLsjMrhlZZDKZGvjW2HNcMTTdJYCDYpa7wCTuaSnJGqYaFpwjhl7F3RZsJmc7/AEVH0nPJR3/CTpSJciWV+6SejG3Z4c7Wma7ircXGbYMqg50RRMCCWG5JUa8qFiurWXOMCIVo8PwpylGqq9SitAIaIwPte6k64fqitnYTgKsdR8lf+D28LZ4b63fwy32F82zLEaHUd408qyGgWTlZPUSVeBry3LLuRPEuh1psSrIxs4ZsOMRcze1bH0RM7+MxDeFQszuqR7TkZAWu9517C+9ecIwOGS7hb+FuXHFy9ctHPy+QvNBECDKg++ugABIVdXPMbSnRL8Lwmzaunh4so11eH3We6UBZrzBYKFuS6xHfG4NHuSLpFEdFOLunDcPiEcj1TFBLpgdqxcKsy+XaQ/8ATV8N3EcVy+Sd8R4bct4jG51VrOJKNh7t05rXWQXCNrKqWJA5aCNSBQn2IFkZl7KmdNrtxUS3iLttrmX+7tKALczAmdZ032jxqjRnkrk5LT0fWSLL9zXCfgqj+VElaDHmpAHB1wrE2HYMVywYkdxHhWU4WK1Gm4WmE4fdZmKlR1YDEsSABr4HuPwpOqro6bCHgknQBEDARmeres6Z8bfE4TCq4ghmY/vADIra6wZNa0Ty61wnNlQNjme4G4tZVAAxWjGnKt4JyS9ZzGnyRhXmJMfSL6Q6I/4HC/wLf5FrKS1R+a7rPmm1RBWVFFReKXGZ7qqRpdA172Yx8N6UragU0Blte27tTUUQllsTu/puoVxzJdfOBNu0CuWe1JEz4zGsc6Soq72uAyAWztZHMDWyNAJz+qrHS3gXWvYDFRcusRnE94OojUdrSg7P/ER6ORwbk0XtfX6IslBHLmCbjXLkT8lU+JdDrq4xMKrhsyB2uBSFRZYSdf3e/UkCtPZ20v0hGZcNs7a34fVIVFM2LDY638F0TgGFHD7Nq1aRJuwWeTmdyVEtpt2tANorNptuNnbK7BbAL66+CadQsBsHHW2nInjyTjEY65byl8pUtlME6TPeNp099c2ft1lZOIcGG9999FSWka1hc0nLlz61zw9AOsxF4WXW3ZOV0kTGbNKQD80gx4FfGtGv203ZmG7MWK++2iDBTNlaXONtyW4jooLeK9WuYm2hKKyuykBizFQgE+1pXY/xG+Sj9pZAT7xBAOgABuTbRGGz2E2xHTlfU8+Sl430UGCGd8TbZ47NvKQz6hTlk8pml6f8Qu2hdjISBvde4G/PLfZP7NpGR1LHhx3624dauWCvXOF4K4o6q6S3WrmBiZtIRE6mNZBpfZm1RVOcwNth5qV0bamUObcbvPNEjiNrGXDdtXFJxVg2b1h37dvKGOZQAezqw2gkg86a2hXCkh6W18wO9KMpHi7H3AbmDbXQJJhrtrCBLAW7eu2MSLj9XaZiZRkJWBHssNJ76LRVHtULZQLYt3agVURDib5ZerLzDXcdcKOcJdW5ZvHqcTcyrlsu2XJeRiGcZTEDXQGZElieVsMTpDoAT3BLwx9I8N9WTfpS728MUdrNjCuYuizYJYltZEsBJYAT4zNZeyduCsqREGWNiRnw7EzPStbGXAnLlzsqZgboxTphMMt64iiZxF5siAaT1duFX4netTalUykjMktuobzwQ6Fhc+97Aan1xR3HvR9dFs3LdxbjqJyBAsxyWDE+e9ebpfxJG+QMkZhB33vbryWjPEyX4bg8ze/0RXo8wgfCrkdC0lmXWVJOxjnz99NbS2w6lf0bozbcdx6lWGBjWAknPXTI8OxWRbisGSQSgBVlk9okrl1iTIAjxrkFVjiMsjS0Djw4pl8egHihrvAsS6MpvIodgzoEOoEdnPO2nd399Ybtq0xqBKYybZA38bce1dL2Ww9l/slmLwPrN4W/YbVYb5uUExA8uXnXoZa9lPTe0NGIG3imY3CJpA68uxV/i3DWsXzZYgmFII2IbSfjI91aFDtJtVSmdota9x1fZS/SEc1t0h4N6o6IzBy6lgQCIggc/Oh7L2v7c1zg3Da2++qVMQkbiau2dE/8Fhf4Fv8AKKeGixan85/WfNNq6grKii5jisWy8QvW47D3l17ipB/X7qR21GDs17uA+aZpH2qcPEf0KfiNm6LtxkViGthRABBOszr/AF7tfNbHr6eCmwSOsbk7+S0TGXPa4EZfVecdtzewn7r/APlaFZuz/wAio/h+qZj+F3rc5L+k2MK33Vf+Ejf5rgNen/CRHs7gf3j5BZVePdYev5IvjTQ2C8XUfkrB2SP1VX/AfNPSfGP4j/K9GcafPaxCD2rahx7u2PvU0nsx/QVUEu4use+x8Cuujuy37wI+SA6OYkrYN1t3vW7Y8iyJ+LNWv+JiJa/om6MYT22Lvol9nxl0I5hzu6//AMqrdOR/+0s+Vn87Vr/h4f8AhZ//AH/kCpL/AJiL1vKk9LRi9hj+4/5lpf8ACGcM4/h8iiufgkhdwd9Ex9JbAWcMSY7R/LWV+HQXTSdXzWjTTshLnPNh/dJfR5fVsaoDAnI+g91am32OFGb8QiVFTBMx2B1zllyumnHOmeIw16/YtFFAuSGySwlUPM5d+8GtHYMDn0MZytn5lZFT7GM5C7FbcBblqh+ieNxOKxqG9iHuKgZypMLpoOyOzuQduVB/ENUxlE5jG2JIF/E+SMzZxpx0peDlllx+106xl/1zCY9Inq7jhR9TKw+9TXmYGuoaumkGVwD33B8CnHQta5gcLhwz8kD6M7KraxF4ATIHuVc386b/ABJK6SaOMnn2k2+SB0bWgBotc3ySLo10x9WZ7mJa463gzwJJz5hEAmAIzDlyrd27sNssMTKZoBblwy58c/NZsFUHuk6R1hfLlyFuzuTj0XYtblzFlFKq11nVTEqHIMGNOVY34jjdHSwMebkXBPUAjwyNeZHN0JHln3lPeAvmdVOy9Y3wOX/yqu1SWUDP92EeF/kmsfx9dvE/RDHGH1kvJnrsg1MZQwSI+J86MzZ7Dsu9hfDivvvr9kRpB/V8vlfzRd63l4kkfPtFj5gMs/CKyWSF2yXtO548c1BnET2eI+qC6c4UOLV9f93c6t/ItGvkwH2qZ2DUGIyQO0e0kdYF/LyV6a4dhPI+vW5LfSWk37H8N/zCnfwsLxSdY8iu0zgIzf1kF0b0e3mbBW8xnKAo8AFWBtyr1TdAsCr/AD39ZVlrqXWVFFROI4P5drkf74a/9YFZ22Hf+PkHL+pNUzf8QDy/oQfGOL3LTsqBICgywbcgnkfCvJbN2THVQ9I5xBuRlbdZaJe1rmgg58+duC944R12FJ+lp55rNB2cCaeot+79UZhABHr4XKu9M73V41GPsm0oPiCbgInb3Vv/AIYdanJ/3HyCSqhiY0dfyVg4okthJ3BB+BtD+dY2yvyqs/7D5pl494fxf0uU9sf2u6Ds9tQfd/ozUu6P/wAayUbnuHeB9F3HkBwsfE3+SBvYc2reEsncXkZvc4P4sKcikNXLVVJ/cd4iw8Au3a02bpoP+JPyVd6YPHErY71s/natLY7T+iZHc3fyhM0cwEhjNs2kjrBKl9J/97Z/hv8AiKB+G/y5OsJ/Y4uHLf0pn5DDaT2z+Wjfg0A1ctx+z815qv8Ayu0eRSP0aMPXRAj5N/5Vufi8NGz8h+035pbZ/wAbur5hCdMUJx+ICj5y/kSjfhxj3bOitz/mKHtBwEufAK1+jPC6XrgM6KgPjGZvd7NeY/FTsMrYes/IfNbvSh9LF1Z9mSc9Fuj74XrBcuK4uATAI1liSZ78xrI2ltGOqDMDSC37fRGq6pswbhFrJd0Fw+Szi7HzkuuvwXIPwpnbUmOWGbcWg+N1aqABjI0t87/Nc/4ZwO5i7gs2sspaDHMSByMTG8tXu9q7Qio2tkkuQbDLquvM09MZC8E2t53t8lbPRXhjav4u2whkyqwBkSCwOoryn4mlbLTwSM0NyO4J6mjMeNh3EeRKsvR8RcHiLg/zg/rVdtM/8dC7+H+VGabySDn9VWr91/XurA/+SPgXDfhrW5Fg/QeP/wDMjttbzTEVukJPD+lWTGXAeK2F5jDuT7yY/CvGxNI2XIeL2+A+6Mwf4Zx5/RC8Lvi7icdhHOhfOvhogMeRymj1MRipaarZwse827xcK7wWMZKN2Xh/dK/SVey37Hjbf8wrZ/CDMUcvW3yKQdJgaBzPkF0b0ePOBt6Aacp10GpnnXoxosup/Of1lWWuoKyooq3xO38mxAJi7MAEmBdk6DXas7aUT5aV8bBcnTvTkBDZwSbZf0JVewpuWr7hDIGgdSMwyEGMw7418KR2TSSwUhZILG5PgEw+VomZmCN/ek3GMer5DazSisCSjDKSUAPaA5qfgaz9j7Olj6Rs7bBwA1HO+iNLII23BBNxv61vieI4O9lbEgB0OzBt94GXRhzj7qR9h2jSOdHDex3i2f0Vmvba7SOV7XHfoeYRGFxK4oNiEkrbKqog5oDqzNl31jb92tij2XJT0MrT8bwcuzIJczs6VrQche53XsR4fNFqss94K8K6fMYEjKUMAiTAYn3UGLZs/wCi3wOb797gZcvurGVglAuPhI153HkEPjDnfrMrZbfVxKsD/eBmgESdANqts7Zs0VDO1zbPcCAMuGXiVHSsEjBcftb8s22CqnSB7NziC3LlxrSJbtkE237TBzpESOevhRKSKrpdmOhEd3OcRqMgW6pulbjmxM94hpyBG+48Ml700x+HxID2rxNxFKi3kbtZmWdSBEDWldjwVVK4sfHkdTcZWHBa2z2SwOs9uR33CcYzpJw24qrfdHycntsYMeK0jDsva0JL4WubfeCBcd6xZCI3FjnAHeCQlNvpBw23jLD2HtouS6r5EYSzdWEEBZJ9qKddS7Tlo5I58TjdhFzfTFff1KNfG4WDm3OmY4hPeN4nh9lw2KRUe5qDctMGaIE6rryFKxUu2omiOMvAGgDsvNVLm2uS3hmWpDd47hbeCxFvDOM917mVVVgAGbKI0gQgBpptBVy1kck7TZobckg6C/Him2kOc1zSCANxGvZzSfonxMWMSr3HISGViSxgEaaa8wK09q0fTUxbG0YsiNBv+iZ6J8zXAes02w/SS1Z4hduIxexey5oBkNA1g7wZ9zUh+iZ6mhZERaRt7DiOH06kGY2gDZMsPhny5WTF+P8AD8KLt3C5XvXNcqZiSeQM6Is6nakxs/adY5kNRcNblc2yHzKRxM1uOPu2JPdqeZQfo9a3bFy+91mu3dbqi2xytmZtwNZmad2zTVVThghi9xmhuMxYbj1KBmFuNxsXZm5GXIdV7Zpvh7mVuwSwTtAlWWZLSpzeB38fCtWKklrKE087MBAAGd9Bke9Akkjjlxg3xXvYg93bu5KbEY7BJc9ZcEXQNsr5piPZHZJjTN99ed/R+2BH7EAcF+WHv4b7eCZEgw5ObbjcX+vYqvwvpApx5xN89WpDKAQTlWIUac+Z8Sa263YksWzBTQjE64Jtx36pwOa6EsaeHLeh14siY98SjShuzOolCAp032n3gUVuzZJNlCneLOA05g3HrmqOkAaGHhbw+q86e8Ws4m7aay+cKjA6MIJIPzgKt+GKGekZIJm4bkW8VkVrhZoBBzOhvwXWfR2R6jagg6DYbdldDoJPfv5mtZKTfmO61ZaiGsqKJdh+f13/ADNQ1eTXsHkFKxqKio/HMD1TwQercBRHdM5fdH9TShbhdkmw/E3NKOLcBui3axHZPW5ciqSTqucSCAB2QSfGj3sAToVZ0LQXBpuW8uduKK6K4O7hbb4slBh5PXDM2bSBmAyxI156iutJOe5VdEy1rnFYnT78uCuOCxZvWxcti0VgEnrfZkBu1CaGDXRci6kkDWOwOJ/469WaEF7riVthWaSOywKQACTmj2dQNt++utKo6DCczYcxn1W4qr9N+ieIKdeEVxbU5lRyWy76AqJjXTeiYcXuuNueq0Nm1jKVziz3icrHL5n5daV8K6B4nEWLV5GsZbih1zM4bKwkAwm/voDoXAkLZO3oGmzg6/UPqh+N+inFvNzrMOFVJIzXCTEk/M3o7XFrACNOf2WBWyw1dRjaSL2Hwj/6SvoB0Mv4i4l+2tsJadWzXc2UsIYCF1MaHf30Rz43NIbqqOpDSPBnOZByGZ4X4D1kpfSf0bxvrHrOKZHDwqNbnIoGoSG1Xmec660MPDddVxtMao2hIsNxyPXvBud/ULaIngPo1xV7D2rqXLIV1zAFnmD3wh1qhu43TLJI6b9U8m41sPugelPRPFYBQ91Ua2TGdGJAPINIBE/CiRxRnJ17+CPJtiRkZ9nAsNb/ABddtPNM+D+j/EXFF5cRhXTLJh27MrmhoSARImo17QLtGfG+iXEpZKBM5xG8YRn45i6T4bo7du4o4WyUuuu7o024gHNmj2RIG2+lL5laD3sY3G7IcxY9VuKvvD+iN7AWXLFLik5mKTKgCNiNQN5+6isu3VZlVPHU4WsvcX13+OvLxRmEtZogSSVAHKWIUSYOkmrPkIyCUijxa6ZnuU3GeFMmTOiDMSBlYnUAtrKDkD8KGZXx5uRmtjeDgJy4i3zK570r4cACw0IrTpZRJkgumfGLKpI1MPACE6pc4L3PQWm5QS5fQPo6y+o2spJ0EyQdcqzHcPCkCjS/G7rVmriosqKJVaf2vrv+ZqErya9g8gvblzSoqJbxBVuqUbTuPMHb/SuFt10GyD4vYY4LBhVd4yZsgJIHVMJ7IJiYqEe6E67OWUA8d4H7XNRDDG3wrEKyMNX0YEEgkcm11rv7BVdJGjkee4oboDnGBxYcnQvlB5LkkDyBJqA3BUaLOj6/mrBgEJF4WyFudSmQ8gxFyD8d6gGqGC0NZi0xG/gqRxvjmKwNt1U3A7gr8szNlMTnQtMka7GDPhRI2hzw3imo4i9r3uAOEFwItY23G3fY55bko9HnSXFHF4bDNfY2ZKhISMoRiBOXNpG8/wA6enpmRsJbyskm1DpnHGBexJO+/FNPSR0kxVnGXLNq+yW+rXsgJHaBn2lJrKkJxar02x6CCWnEj23NymPH8S+B4Lh0ssUe71all0YFwbrkHkTBE+NdOTAOP90nBH7XtF5dna+vI2CzhN5sbwO+t5jce2LkMxlibYF1CTuTsJ586jc2G+5WmjFHtJhbkDbqzyKh49jXtcAw72bj22+ShkYq0EnSRrRYgDhBSNa7/EzOb2ZX3jcVJg8XcxHR6++KYueruZXf2mCmUJPM5hE+FXdYOs3ilm/G0uFrjPduO7dcZqD0WKBwvGR9K5/2lrs4sT1LkGsXX/UvPRIi2cDi8VAlZHut2xc/FjQG5XKeqx0j4o+OfebfJbdBOkrJaZsXcu3utBbWW7c7KNlBB20HZrsYNr6om1Io2vDW2bYDlrfhmbW5nNOOiS5ntCCAuZoO+VZVZ8e0p91UwnGL7kk94wPc3Q5d5v8AIo58Wb2GuXDqbWILA/uZgZ8urYj3UN7ukidyKIGCOZrRvb4j7hUjpsgKtFG2VJml61uS5uoiTWzK5Zy0tnehRZuXSvoj0dkeo2YEdlZ1OpyrrqKRcmZPjPWrLXFRZUUSEN2m+u/5jQ1eTXsHkFpibsCuhUSLE4zXSrWXCnf7TexhMKURXZ1RYZio/uy24B7qqCQAm5GNMshduJ067KHivEmucOv3LiBCsgqCSOyQd4G48K4TiaVGNDJAW8CfAoLos04PFNEZlJj/APnsO8DafChxizXIzyC+Mj1mq3hePX8MLZAzBVhWMk5NBluDmJgBpB217wtqOKOaO98Om8fT0VbuF8Zs8SR8PiLBVipJVtQRoMyNuCCR3EcppmOYPOWqVkgfAOkactO/cRvB/uuYdCsOtvi9q3m7Vu9dQ+OUXFn7prXnfjpg48vNKtZgmc0aWNuoi48ER6WLgHEXBMfJWz9zVkuge4F7cx9l6XZG0oYIhFIbb77tT9FZfSM2fhOCddRmsmfA2XH4mhvHut9bkrQvwVkpHP8AmC96Bvk4PjHbb5Y+4W1FdaLMPrcqVrzLVxX1y/mKa8N4rbwnBsLdvW+sQJaVhppmYLm13iZojc2hKztJqngOtz7ko9M2MvJas2reUYa77WUallhlUnbKRrA3y0eBoc/PrSZJbG4772PIH65gns3rPReI4XjPrXP+0tWrBZxHJWpznF1/1LX0cLm4PjEG566B52Uikx8LvW5adQzo6iAng3+cpZ0Uwb3LQW0pchZgEDQBJ3Pewphjg1ovvVNrs6Spc64AFh5/Qq6dDrTFb7r7QHVrPJxJIPvy/CqHMkhIFuBrWv459WX3TDhHB3W09q4FCtaW3o06w4J2HIj4UvDC5oIdvRpqhhc1zMyCTp1fdcx6S4z5HtaNEEeOxHxouzoi03Q65wuWqhuJ0G5rSkKz2o+zwd8sxyrkLhiUcu6ejhYwNsa8pnvyr4bUo7X1xTD/AIyrPVVVZUUVTv4oC44/fb8TVFeTXsHkELjMYIqBUVfxWJ1qwXCnGL4tZfDYO2lxWdMmZQdVi0ymfI6VQZ2TswsZHbjpmM81NicfabB3rBcC45gLz1yDSuE5EKNb8LtwB+aJ4ZxCwMO6NdtoXthQuvY7GWG03FUY4BpBKNLGRI3ALhp1yzz3JbwLHYdTes3cty0wCm4oJWABoY1Cyd+RnwoMRY0lrs770xUNe4NdGbEbsv7X+SZYfF4LC9u1d664VK20DhjrrAgQBoNWojRFFm1AkFRN7r24Rvy9X6gk+Atpau2Lt7DotzMWe+FBysZLSwEgGSNfKqRzPJAN7IskTCHFutsku6U8T4dexVzrVt3C2SLuvshYyhh3GTHjRJJHtPuXQ44GlgxkXtp2lOsBi8Ddw3qF64DagdWxbkDIGbkynadxG+tRkgeLOXSyWOQTRa7x4abwfPsSLpl0jwdjBfs7AOr5tLjIcwVZzNLDRnY6QORO2lMxwPkFo1VkzWz9NVGx3Aa8NNwG7n2qHjfGsO/A7WHW9ba8BZBthhmEMCZG+grgd0TgHbld9M+ole6Me67QnTcpP2zh8Xwb1fEX7aYi0IQOwBLW/YIn6S9mfE1UTNacQ3HL14LrqCbpbEXDhYkcePYRiR/Q7GYPC4O7ZfH4ctelvaAyZrapBBPIirySmYk8UF1K+FzQ1ps3ebZ53uknQTpDa4firuHe8t7D3MgF5BKZgo1gT2TJUnvA5Ud0eNuJrbcR80KaRzyGSPuRmCbd3AcR9SrpgsVgcFac4J1utcnIqPnAJ1AkeygOpnu56ClySTzUeHm3SjCNTuv9T1ZDkEHhMclrA9St35d7naAJDauJOmolB99VI3BXPx9IbWty1OenJx8FJwniK2L6tcuMEIZWL3GKjSQe0TzAE+NVEZabrhd0rC3K+o0C5v04xKPirosuHt5yylTI7XbPwYkVo0wswlJ1V8QvwHhl8rpb0cw/WYgA6ga0OV1kFoXQE4d4UGN2au5uSvfQ3CNawyhgBm7QjuIET41VXk+Mp5UVVlRRc94o/wAvdjk7bAk79w1pCrrG0zcRF87bh4nJHZEZZMINsh5BLLuIJmNYJBgjSDBnuHnyqg2lBYEm1wDYg7xft7FY0U17AXQGIsNJETBjQg936j4iqs2rTuaHE2vuIPrco6ilBsBdb2LTLy/DxP4Any12qw2nTH9rwP07OvLVV9jm/dTGziQDrodd45aGisrYnglpvYX0K4aaRpFxqbI3BcbVVkjOrTsJKxufL+u+lTXROdhzB55a6dqcbTSMyNjbgt8JctB3gDUydI2BPuMa+VUZPEdHDj2DVNuY4gKDBXLeY5ywZZCmDG4UwBpANDbVQEXLh/dWdG4fCMl7icfiLCsbLWcSBqVcm23kCAQT5xTEdRDe3SBAkje7PAgRx71oD1jClEIYG26gjQKS0jl2hB051H1TGyFmMZW35Z3y68lIozgxAEHxVa4z0XRHL4O5ct7ZlJcb6dlgNfx86NHtOmI9+xA4WuerP6LjqKR1yHWJ7u3h1qqWuEX12w9xdvmEAbfzIrSi2nSB2UjR2+uCy3Uc2mFFWg69m5ZKsT2ZWCeRgb7x91DqayGo95hBtqQd2q3dhudT4o5AbHMfP5IxuE3tCLTGeQBJGpGvdJBjyrMFdTkkF47/AC6t63TVx3uBoh/2XeKyLT9qAvZOs66e6abgrqdkly8ZX38FiTRuNPI7VxytyvmVFhsDcDxkbMFDRGsHsrp4nStmKtpw3pDI22YvfeBc+Ga80+lmJwhp3HsV56IKUwoR1KsrGQRrB7Q90Gs2eugLy8PFibA33rSlpXiKOwztn3lML+IAEwToxEDfLvQBtOmBIxX+H/sbD7oQoZjut6+e7eleP6xswAMgSRGsSBt5mnBtCkY1r8YsTYEaXtfyQhTzOJbbQXVYx3CLolhbY9/ZPif5Guv2rSuyEje9c9im/dKP6IcOe3cLXEZe0q6g7mTp31nz7Sp8gHjO510A4o0VHJmSNF0m3irOZUBzM20QfjVYqtheGtz1zGgtxKLJSPDC45K1cJHyFr6i/gKeGiUl+N3WUXXUNZUUXLukDn1i+BGrkGRII99YtZZ7y0k5G+SIJnRSYhwA8All13YEFpB37I11k7eNJR08Mbg5ozGmaI+vkcwtIGfX9Vj3LkkhgJ/dH7unvKg+Yrns0PPv6/K5710bQkG4eP1Xga5EZ9PIeU/Cu+zQXuR4qDaMo0A8fqpFZs0k9/IDx5f1rR4A2Ee4T2lBmqXTagdi8v3yO1mgCOQ09rbxOYj31HU8U7yXb9c+r6A9aboZZXvbAy3rNKv2hcBJtQoWW9kamH3j6x8dtabhoYzIASc/d13G2ncvST0rIoHOOoBPaP7Jp0fxtvEzbvs1m4Q0RlysP3SR7Qjbw86k+yIoZLG5t6/useOoe+FslhY+YQ1pcR6wUe9hxbZzkFxXQuCc0LlDSwygnymu0+zqYAPBdiGlzfdb5oE1XKw4bAjtR+KuLPV274F0MIylSAy6DaCQYgg8twKC/ZcTXXeCQb79xz880aOr6Rpw2BTJOiTjDEYa+Bc9lV6tQqSGbVQT855mTp36yx+iqeQ4nFx369XLl6yQHV8rTaw9dq59d45i7bvbuhUdS6suT2c0ZhvsYB0POQda5JsanYAc92/hp3I1JVmU2flz9FQ3eI3T1bXAjFDKvlJnwJYkxJJI74qChiZiDCbO1F/p3JxmNp/WWvnpvCMTpLeAiFLaQxGiiQx05k6iZ57UqdkQ4rgm28ce3l1I7G4yAFEekF7eU0iOxtlJYRrpuR5GKYi2TTucGm+d9/EfbvVK1/RRudGNOPYFpw/iF52e4qqzsi2pjsqgIJkGcx5ann5Vsu2JE6JkWI4A4vPEm1siLW7vmvN/pBweXke9a2Wnd9076PXGuX7lu60O1tWhdux2YHd2WFZdRsuJgIF8LSc+vsWw+uAgZpiOdutPruGI1za665RzmfxNIiigIw3Nst/D+30SZr5Ab2Hj9UPbw7STmknLqQPmkEfeJ+NHfTQGMR52BJ14i3kVIah7n4rDgoMSjqNGBgAQVWIGaB5QxHlSppISd/fvy+gK0g91swPXaveHi60M2wI7QQfNJYa+ZPxNcNBDbfbPfxFj5DuQnTuB3eu1XLgthbSaEmY3jSBApyENiaQ3ebpKd5kdiKs3CT8ha+ov4CtOM3YEnN+Y7rKLq6GsqKLmHH1/tN765rzVa+07x60C5L8XYPIIDJSvSoazLU6RS68ArvSKLMtTpFLrTEWcyle8UemkPStTVE9zahhbrcKv8RxJRTbw6i4xlSZGUHnJJ1jwr0lPTyvIc0ZBeh2jtSGMFjs3EWtwvxSvhXDw7NdLM0MFSSdxEuByM7RtWy2IOcXvzXjnyOADGlXHgXSW44cNo1uVBCSSNYJBO4A5b91Y20KRsTgWaFatJUdI3C7UJJ0/uKcTaZH+UKDMwkMDuDI5wTsdKPsyPHE5r9L5fNBrHBr7t1squb12ziDes3XW4G9ssST9YkyR50eaAMdZuiWa8kXKf8V6SW8YoOJAs4lRHWf7u6ByZvmt3FtOU7ELPabWKcpanon3OY3pS15kHZgg7qdj/r4iqQxXcbrUrqxjYm9CdfD6LzrM392pJ5p84eX0h4irmmucigt2xhZbDn4LVQx0KMDHcf0q5gMbcY1UjrTU3hIAB7094YDba0qyqqpNxjoCW1OvMgQB5GlnzvfqVs0lJHEzC1lyc72z6k04Hi7PrKi2GLENLnuAJiN6XnmwU7+FkLbNM4wiZ4FwQMuB4lPcTcmsKOoK8s8rbD7U4yQvCdpEv4lfAroButtjLtyT1ukLAhVw1wIMqgFgNCPojSORG9aXS7rCyw/Z7guJN+z6om3f7AO0gGsKSfCSFaRW/ghnD2f4aflFehpzeJp5BKzfmO6yjaMhrKii51xThl2/iLwsuiFXJJcEgiY0ivPSQCarkB3W8gmoTTiQ9O0kWFrG24INeHBl7OMwpaN+sBEwNYjbn5VwbLffNwt1H6oodQXzY63X91KnDVbMVxWHIVcxi6Oyo0LHs+yCRrXP0XJ+8O4/VVBov3Xeu1aNwS6Abov2XtLuEknYfOGnMHyrktD0URcTmFyV1D0RDGuxcSRbuW1vo1irgDpesqrCVDK0geMVaGha+Nr76hEhds/AOkY8u32ItdZiejtwKEvYi0GaJglSRPKVJG0fGiw0ZimBa9t9wcL8uIuu46IHExrx25jtugl6HK0qt1NiAFfUDY/M8a2WVda44Wyx9jedv3vRS/R0OpY/v+6Eu9EruDTrestG3bMhCGJOsxOgnxoktTUtjs5zeGQ48EdrdnOPuxvxcyLX6uCy9w+4zm6jEOygPlyKNQNoB7Wxk7+G4UMzzEIzaw0QiWY8YFjvz1UydDbTqz386OAoTK0kATObMIJJPuga1eGslibZp8ENzY3Ou4ZdaX//AI+NzM1vEIyTzDBu+DEiaOKiolzuO5NX2c1ucb7/AMWSV8C6FtjMOL3WIolgQ0/N56cqvOZcXukW5oNI6iEf69ji7kQAisB0Ew6ggYq0zicwW8I965SRHnShFWHXa9tuo/VFc7Z98mOt1/dTXehNlwDaxNoHMAG62dTGUDKBqcy8+Y76s01d/fc3uP1UY7Z4+Jjz2gIHjfRV8Ncw4e9/fXAgNuQJlRLAxvO4+BpmN02eJ3ch1DqK7TExwzzuQcuSb3ugV3MFfF2cx9lSWk77A68j8KS6KTiF6KPbFMzRr+8IzhvALCMDbxeHzEQPl1O5AHzdTqPiKUlpal7C1z22/hP1SlVtWKaMseDY8P7o39js+lvF4YmB86faKZToNiGEd+Zfeq3ZrhqfNZgds/ex/eFvhujmLdA1vE4ZlYSGVWII7wRoRTkdGW6FMsqNnN0jf3hOuCdHUtLnxKreugk5o7IH7in+esz4U9HCGjPVK1NfiJbDdrPHtKR8SAGIy21UlmBXeQh0mJjKBPvEVUMOO1kIyDosQO5WLG4IPhwyLDqPjEiDSu0KBkkbnMFnDPLelWynDmn/AAD/AA1j+En5RTdL+SzqHkry/Geso+jqiyooqjhHjE4oxMZjHfBJisWP/OS9nkFZ3x93kFThg0Fm2Us3HU52uLnHybL1AUyEJYmVO52naa0965qs4fbYAE2LqB7FxSC0sB22K/3UasucHmB7qhK4rBwWPUb0Ibc3CSpMmTklthGb2thvttSdf/l3dXzXDvTrB2XNm0bb5TkXfbx08a7RkezsB4BdGSD4xw1mAOYMQrdmWzEEyNcw0EztyG1NiCOYlzhw35a3+SHI97GkszQnCMO63Dmtogy9khjMmBqJ86vFRxRG7BY2tqUGKoqHutK0AL3pP0fuYu2FW+bTKTB9pDOX2k0k6GCCNzROhu3C43TQks7EMko4Twi5hbbWy/WQ5hjuQfpDxlfITScpAeQitOV00tX2KFTqdtd/I+NCXUD0TxMG/ZbR1ZtJHKdvdr5U3CbO60N+YWvo5tg8PC6wWuDTfXSnJh7xQo0ju9WFtsMPcZ0kKqs8KOrsooJNsfNBGvNDqaH81YeS3w9kZ7ANq8Q1xXIzjsuzupcwgJylFJ5S3cBUChTfp9g7jvgmtQcmIBYH6MpJHlRGsLgbLmOxCO6Wvl6pzbzhSWBDlSCIEaI2aQxEEjf4BsL2RMRsq+tvDEFmS6oU2xPWdlQwdjB6rVlyAEGe02UkKTMeMrj1vVbnT1wWtnG2rYYJh8QjEW9M8wQbdwAFrRIyvbFuCNcp0k0Dt9f2XF0LBlbOHti2cyqihCYMqBpqoAOnMVWSXo2l29Egj6R1ks4hxksqXbQKl+zbDDQk6Zo+iBJExVzOGMDnDXcrCnvIW4hlvVf4ngL8i7bxB63ua4mTcSCseyY2FDNcwbirCkJyLh67FZOG48LZVnUakIQplFfeJ5gk71HVgwYwD64rraT9YWB2W48VZuEn5G3ECFAgbCNIHlRYDeNp5IcrcLyEXRUNZUUVRwl0JicU7eyoZj5AkmsSI/42Xs8grP8Ai7B5BUhL6wJ4i5LksDlvTkAa0RpyUAtIOpE85rUtlmFUlM8NjJZr4xRYC2kj5TLmPUQ8a+1IEDk0661CN1t/3XPXyTzBXZwV0G4bjKzZmIcauRdIh9YGeO4RGkQEq78h3V81CdU54UYsW/qD8K5SfkM6guhUriPGLF6715N22CvUtmRImHUqD1kZvlp0B9knYGtSIWBC4UAmHw7XUuk3Q6t14CqgLlWt3Ne2YUhwoWYADbUQeu2y4Tlb1lddBw+IFy2rgEBgCAd9e+KIqpdjV7Wwg7z5RWZVfmJiP4VDZsENJII+lIEjx8fEUC6ulvSXABLlvFIushXjz7J/8Z+rTDr9G17d2q7DhLi12/RKOBWmHDFi71IW8xZoYyJK5eyQdWIrTnzck2aLTQtaU4ts7urLrd1DtlC+ALW7gEgwPcKDuVwonx+ZUC4w6O7aC77LLaYDQ6xI35NpB3h9evW5QIvil5rNvhgzly1wAsZlpa20nMJk8wdvHejwutfqQ3i/erpxPHW7AUuSA7QkDnBJHwBPuoKuqZfxVxrr22xbBldph765QxuKAANCFYmDPzQNIArg0zXSLJrwHiyWXZmv3rtth2JN52lnLIMrSQwUqNNy0chSzhqF1S9LulIw9xLaJJUBmkxofmDxI+Gld9m6Vl724Kranon2t1qtdJuN28ThuutjrETMOrfs5LgAIEiDJUtoZ9nuoMccnwONiNLcE6XxD37Ygeds1Wk4r1lpHW1Za4X0t9YpYAxDe2ZPKIkb0YxSf6h8FXpqcZiL/sfortguLrgbLLfKBZBVAAWLwCQoB1gwIA31oEkTne43M6klWbIy/SOyAyACuPQfjqYm0UAK3LftqTPtEkEHmN/KPeW2Q9EwNShnEzi4Ky1ZRZUUVJe7lvYo9WbsmCgmSC0EaA8v/Y3rEjP+Ml7PJMRxiSXCXWyGfYhmsYcCTw5yAcwhJO3PXcmdOcknc090hRvYmnLpG963axZyz6k5IgZTnnICo1EkkDcDUaV3GVBRtxWLx187XW9l7Qw95bOGaysamAASGAOx1MyPd5UrWOxQO6kKopuhAOIE8At8dir9uxhjZAIIAcEoNIEQXOpOoAG556QbUdugZfgEsFWcJavhwzWsNHVgkgYeAYjQCALcTDDUwoMjWtWMZeuCqTosuX8TqAmHyhCGzerSSuYKGGnZCjKTpAVwBsRfeuFN+jvrSutu4tsWwCT1YtBAGWRGQAznkTEGHOmlWC4q90x6Y3sNi3tWghVVSQyk6kBpkEciBS0sLXOuiNeQkVvp7iJ9hB5NcAPwafvoXs44q3SK/wDAsecdgHZ+yxFxWyToRsRmJ1iDrTDWAMwqoccQK36KYZHwgUlbqs5Y6bmVbUDmGE+dcjfjYLjTLuV5mYHG2/5qEW7aQfUSMhXKFBIHaZwVA0kEltpBaKr0h4FNijYdJG9vL7/VeYfC4dnyHBuoJ3YGJOpJ15wJ7zvXQ+5tZVkpA1mLpGnkClvT5FR+HKohRiFAA5AG2KO06pFytfFlUqoe0bq5thMiVYEjL4ae+hudYaI8MQkcQXW60ouYe0S2bA3Dn9uQYbUnta9rnuOZ79a9IeBTHsbf9VvemFhrIW2RgnBUyoVDCtJaQNPnEnbu8KDKbG4GqqKMEkdI3vXvSzojbxnbnLdUQD81gNgw/n+NWilw5HRIPZfMarnnDLlrBX3wuNs3FS6RJJY5W2VhGhXX2hqJ7ppl4a6xCrE5wyKuSdEcLg7b3U60hAXhchcwJhSVnlzPvqhbzRsYA0VH4hgnx95rttCLKHR8xIEmRnzH+8JMmBtHIVSWWOljxvPzKA97nnRdS9H3RxcLZ6zOXuXlUkxACxIUD36nnVmzdK0OGhzRRF0ZIVsqKyyooufY3ilm3fxSXL2QsSJUjMDM94rz7n9FVylwNjbQcgno6efG2RsZcMtxIOSGHEsHH+Mv7z/eD+RovtkfB3cnP8Xe/s//AEUz8Ywhn+13RLFtHGk6wIOwqe2x8Hdyo2OqFv1G63wlaftjCJauKmIZy4A7bKQI7oOlBnqmvicxodc8kOohqpgLwkW4NK9xfF8Ffw6WLt7LlicpTWAVI1nQgnxq9PVtjjawg3Atol/YKr/Td3FJuIYnh7OQ2IvkZFRo6vKwCoDr3kKs+R763qcskjD8QF9xNihOo6oZdE//AIlDW73DwQevxEjWSLZObtGTO+p22gARGlHwsP7be8LnslVf8p//ABKN4X0iwOGJK3L7yqpqqaIs5RpG0tqfpGuhrAPjb3qexVR//k//AIlUDpzjxicXcvWQ2RssSNdFVTt4igPc0O1CIKCqt+W7uKSYWw27SO7+u+qlzRvC77BVf6bu4rpHQfpTh8Lhupu5wxdjosiCABrPhVmPb+8O9VNBVf6Tu4qPo9x3DWLSrce8HVyT1YBU6gidddqJP0bn4muHejU8FZHGWGEm/Fp8EV/tNg/+NjJiCR5k/S03j3Clg1mmPxTl6vdT5fwL3EdKMCQCbmL0ZiIEkTGkkyBpULWZe94qrPbG3tBuH7J3JR0k4/YuthTaa8wtXxcfrBqB2NBrr7JojCxo+Id6WmpaqVwPQkdTSE6xfTPCO5YXMSkxIVANhG+aaGcN74keKKpjZhMBOurTv7EXa6TYO+pR8TiFBCjtQAIy66sdTH3midG1wvjHeo32mNwIpzv/AGTvvy3fJFW+L4YMf7bekgCc4jSYiH21qksbcBPSA9q5iqNPZv8Ar9kz4d0nwlpMnXl9SZYrOvLesptdGNzu5CnpqqV2LoXDqBSnjOOw1+8l684NtfYAYbCfH2ySfIDx11Y5W4Qb6pL2OdziAx1xrkbhMf8AbXBuCmZgIjYAe7WilzQL4h3q5oak5dE7/iUh4NxtbeHu4W6yjK4Ntg4KlSZIGu2kjzrK2s5phwtNyeHJcZRVJuOjd3FdO6PmcLYI/wCEn5RTlL+SzqHkuTAiRwPEphR0NIv2hc+l9w/SootfXn7x8F/SuWCiz11+8fZX9Klgos9dfvH2V/SpYKLPXX7x9lf0qWCiz11+8fZX9KlgovPXH7x9lf0rqiz1x+8fZX9Kl1Fnrbd4+yv6VFFnrbeH2V/Soos9bbw+yv6VFFnrbeH2V/Soos9bbw+yv6VFFnrbeH2V/Soos9bbw+yv6VFFnrbeH2V/Soos9bbw+yv6VFFnrbd4+yv6VFF766/ePsr+lRRZ66/ePsr+lcsFFnrr94+yv6V1ReeuP3j7K/pUUXvrr94+yv6Vyyi9HELn0vuH6V1Re/tC59L7h+lRRf/Z', 'HOLA MOIC', '2020-11-12 19:14:52'),
(74, 28, 'https://instagram.faep6-1.fna.fbcdn.net/v/t51.2885-15/e35/42411940_256863745033301_5042870107534000128_n.jpg?_nc_ht=instagram.faep6-1.fna.fbcdn.net&_nc_cat=105&_nc_ohc=FgIAYfI1SWcAX9CONEy&tp=18&oh=0dc93597c947f62f3966b5374f2e6e09&oe=5FDA27CE', 'A VOlar', '2020-11-14 19:42:24');

-- --------------------------------------------------------

--
-- Estructura de tabla para la tabla `seguidores`
--

CREATE TABLE `seguidores` (
  `id` int(11) NOT NULL,
  `idSeguidor` int(11) NOT NULL,
  `idSeguido` int(11) NOT NULL
) ENGINE=InnoDB DEFAULT CHARSET=utf8mb4;

--
-- Volcado de datos para la tabla `seguidores`
--

INSERT INTO `seguidores` (`id`, `idSeguidor`, `idSeguido`) VALUES
(37, 30, 28),
(38, 30, 29),
(43, 28, 30);

-- --------------------------------------------------------

--
-- Estructura de tabla para la tabla `usuarios`
--

CREATE TABLE `usuarios` (
  `id` int(1) NOT NULL,
  `nombre` varchar(150) NOT NULL,
  `apellido` varchar(150) NOT NULL,
  `nombreUser` varchar(120) NOT NULL,
  `fechaNacimiento` date NOT NULL,
  `mail` varchar(1000) NOT NULL,
  `password` varchar(1000) NOT NULL,
  `telefono` int(150) NOT NULL,
  `fotoPerfil` text NOT NULL,
  `pregunta` text NOT NULL,
  `respuesta` text NOT NULL
) ENGINE=InnoDB DEFAULT CHARSET=utf8mb4;

--
-- Volcado de datos para la tabla `usuarios`
--

INSERT INTO `usuarios` (`id`, `nombre`, `apellido`, `nombreUser`, `fechaNacimiento`, `mail`, `password`, `telefono`, `fotoPerfil`, `pregunta`, `respuesta`) VALUES
(28, 'enrico', 'martella', 'enrimarte', '2020-10-31', 'enrico.09@hotmail.com', '$2a$10$Ee80OU39jLuWljXguTfAl.YJX//5oNcGH6ycf0fxyDYSHeWSHvyO.', 123412343, 'https://static-cdn.jtvnw.net/jtv_user_pictures/48da525e-f964-49b8-9712-8d4656041842-profile_image-300x300.png', 'nacimiento', 'Carlos'),
(29, 'LuIS', 'Palacio', 'ele', '2013-06-04', 'enri.999@hotmail.com', '$2a$10$2qa80kBaKSQVFnKwzs2n0OJy8isQ9MnmfuYYZu8J/QZc5oiEiLuHC', 123412443, 'data:image/jpeg;base64,/9j/4AAQSkZJRgABAQAAAQABAAD/2wCEAAkGBwkRCQkJCQkHCAkICAoHCAcIBw8ICQcKIBEWIiAREx8YHCggGBolJx8TITEhJSkrLi4uIx8zODMtNygtLisBCgoKDg0ODg8NDysZFRkrKy4tKzctNysrLS03LSsrNys3NzcrLSsrKysrKysrLSsrKys3KzcrKysrKystKystK//AABEIAOEA4QMBIgACEQEDEQH/xAAbAAABBQEBAAAAAAAAAAAAAAAEAAIDBQYBB//EAEgQAAIBAwMBBAUFCwkJAAAAAAACAwEEEgURIjIGE0JSISNicqEzU3GCsRQ0QUNhY3OBkZKyFRYxUaLB0eHwByQlJjZUdZOj/8QAGQEAAwEBAQAAAAAAAAAAAAAAAAECAwQF/8QAIxEBAQEBAAICAQUBAQAAAAAAAAERAgMhEjFBBCIyYbFxE//aAAwDAQACEQMRAD8A0i1AtSucFbHrbiv+IVkU2pRS1kaTqX+EpasciYlchaoA2pytRVqR1qIHbnNxu5zcAduLcbuc3AH7iOLVRS9ItVOXcjmSlfLdbcQR528LC0/gvNxblKl5LQIjv/MoaXxWYqVBYruNvFyJ6MMsSbnaVI9xbjJLuLcj3O7gDxHKVFuMnTh1VavSdeVE/OSfBRGdRPE/FfixFLc/i4+KkLyyMMxAHZt54hDcF/0ogJvK1I2oPG1GAFxaLXpKy4t9si/qAaoq0tpZPLGwGzVZBZkNKnJG2EaRpVoDTXq48QK6uGBOTMLVSLOK83DVpuuSsVcVptyZiwt2xUjVzk9YpMsmY49faH97kCzV2EvA9xH7RDSq0Jpa7gzUHqcMkch75qBKRbkEiiLDO/ajBdtqclGxbkoE6bkNY9ipU2NfDKrKrKSGYsNQdGVW6TRQyKyqylSoxLud3G7iGR2RJHj1M31fwsQirQYSyStXiq4qQ4KKlWO1YQcqpz+z9pJQ5X/X9YAzFfK37wh+y+0IBjbVOCEPQbUrNfbazl9pkX40LOpn9fulZe6XpVsm+kNPFBWuwJJc75KOu2bpUAdWoRa0kKWm7Do6L1KRUqwZZwbqzEqgae7kpxCbOsrdXSPfTWZsvCGxQqq4i05K6q7HWh3Jo6pTqGXd5Gq+EVqwUkRE0fhG/deTD6OtOQEfIqrEVr+kV3ebqBrM1WKkTaNdeILV1CHfjiDxpuwFUtnEtW5Fzayqvq/CARpipHSYWn8WgV9xxUR3yrJGreLiW1GNIx69U4RzcRSS3FsdEAcFkI4IO5CGiGMbgQhAAGrXWEeK9TGamffJmLHXJd5+7+bVSkuJdlYnppzA0npbIHnj6eI5JeQ6e6j4+yZtD7O38TBy0jXiVbaktF4g0l81VyyBWyNDJdxLH4SludW3biV9LjJuTEbr5QwW6nmv5MeoDrcszcmOOozumHiLouOUZcXbV4kNPQRsMqTPxFF1ZHK0O0o3SBYnrNvxD7WPZcmAreHbkwRJNxEqektzPxxB0bjkDPJuSUbiLBqGZ2q2XlNLo113kC5dUfFjObqXGgU271fDxY0lZ1dnRu52lRodELcW4wQhbnNxAhCEAbagq1OCqM2KluGe7uWbxSYr7tCv1HqLfWLVYrlcfxis3xKnUF3yYitOVTLJsDtVqsTSqOiiJXlQ0j3O4ccSxittwiKwFqpypVtmCY7VjT2+kcekJj0r2R6ucMumniew9k1T6fsQParQWn8GTlsW8oM1mbF7RfKBS2QaV8bMNbjURqF/LZgcttsPU3jAWYPKwU8YO6bAzqBR7VG1oNrUaT6F5oXj+qUaF9ofybe8OJq2OjaVOjS6dEsbVJ0hXxDJBSm5MkDeInVVoPpQMCDuFEEbCHgaMltoWkljiXqmkWNf11IqFp2exWeS5bpsrWa7b6aL6Bmx3bhIEu7OKKTvJYfuiG5x89H9HwKCdNwV7qSa+lldsu8meT9tQ9qk9L4Vf3PyCre03HunIPs05Gdb8mRWvslnY2e7LxOxJyLrT7f2SW05S29qvSStbLQMSIkrHuUeKSaECmtd+RoXt/ZBZoRKxRSQ8QR4C7niAZkAWKS5TYr7inUXV3GVV0mysDPqKiRAeVNw5qbkEi7AysVL05DCeanIgcplT06jSaVBjHx/GcjN0NToDZWyt5WaMcRRyQ+YmSNaCUkoUl2lB1KHKUHUGTtB1KHB1ABbCOiAL+gVNL3eg65c+JreK0X9da7gh3tE2PZS8b57UoY/1Y7gbz3SoN7S5nbqWZI1b4irMG6em2iM3zlwzfs2oU0jCq+VlRt1Vg20fkUcE3hNFo1uzOpn06PHNXVnbtkrGis7chtbTpLq3iWhMjqkNS1JvudSWgndS4Wg5oSuuELKedaFVcTbiPAcqFfOhZSMAy1UQVlxGVV1EXsrKVl3JH5gxHWKC4i2ALipeXMkVV6inuqLXpDGVxVTgz1C512BZCo5+jo6mj7JTbrcxeXGZfsqZnct+yEu2oKvz0bx/Df+4qM7WtoPoNpQfSgydH0ocpQfRRkVKDqUO0UfRBgzYRNgIBq2Odqv+kpf/LJ/AKlSbX48uy06+XVEb+wEDHWa/wDA0/SP/FUoJImplkaPS0Z9NiiXl3LSyzL5Uo3+ZFqmn7LivtYhYrmqLTYGkuY4l8THo9naRxY5ce7UyHZKD/flZvCa3VVkqyxr0+Iz6nt2eL1NEya5GvFeRDN2n2XiBrZKQXGnx1CYr5dC17WtTqyJ17Ux1M9LaR0Ils4w0pemrXVldW5DaS7lFbWzUbiWscb4iaS1ye524lTfagq5ciS+o9MjP3PpbkCeuq5das9clUrWad26mDqRx0HrcQL1YjZ3+6rHtp/FkDPHJTzF497BXpZQVqo3TyBOKmajVjbzKVz1NL9zqUF7DhKyhGfcFaRY97JJl0rGzfrGdn3x1C2b88q/HYbYTSLl3bY5dQu6aK5gk82Eyt8S2Fegum0jL7TDqISNyxkXpkVZF/XQdRBmYqkiqPVR60AjVQkVB1KDqUGDcREmwgIUobqq/wDK9z7WpR/wgFKljqrZdlblfmdQRm+itP8AMUO/Sv8A9mem73UqyrkjRzQSKy/gqoDrFrjwb8RcPbSfGn20+JtuwUUdF7xeqSH96voKLtpbYahqEWP3zGl/D734fjSv7SvyIynZaLa+kXy5GwuYd+Rl9JXG8jlXpnj+Oxs4lyUx79V3+D3yyesaj3fFVyYorvUbvuu98LNj7pvLzQ4H5MpV3uiR92ydS+UOT756/Dz6fUp+8xyLSyuZco8uWQZLosVG6eQfp9pHRlXHILiOeet9rDT4G4sy9Rp7OzWsfT4SCytfVrkpbWNPTiS6JPTF9o7fDIw8zesPRe1y75Hnrx+s+sDPuBu6laT82BahbS81VW6slb8hoIfQEKm/UpUrG8ax9taT+JWJ4IZVk9k1dbZfCoLNbbeEL0c8eAUKPWV9avumgqpS6lTedfdDn3UeT1AttHtl9Uuby1y+5F81uq/W2K6Gm+X1VNnJaLW5to18Kov7KUNHN+D9BrnpcDN1QyPbN+r00+0NWgL2eTa01CP5nUF+OVP7g0AS0JKUGqOoAOpQfQZQfQZOiEIAkpUsurs/rcXza29zj+Sjen7CsWpZ6RXKLUrT/u9NuI19+lN6CNJ2N1HCG2fLiqpl7v8ARUn/ANotV72xuk5KytbSN+SvpoZDs5ebWi/m2aNv2ljqt/8AdGnyRZesgxmX+v0Fnz9quybbjlygm4/RU19g+6mEs51rPl89H0/lobHSZN4190z8jr/TXOrFztupX3Vo1SyjYfX0mTs6jMSaa1W6Sx0vRFX1knV5Sz40JVkHqfi5VV6VO29dnG1Y5DX1ik/lWemf7Ur8oYKRfWfWN92nrxcwc/oZhs+voVaxqxYx2ZVWEy5Ght3UC5jkdqDahbrRS1oyldqEnUCsZq4XZig1D5f6pobqvJjO6lX1pXP25PN9FZ9cf6Sn2m10iXvLyNvm1ZvgYi2+c+bVmNZ2WfGKW5kb8W7fA1jlv0sdE+S1RvC18qr+16hNAPs/XfT5G8U94836qUD6KAJaDqUOrQfSggVKDqUO0oOpQZObCHCAItwvTp8J4n9rFvor6K/aBbjqtspJs6rdzeahaN0987R/Rv6PhsQ01Bo51y+Tk4sM1T1lzHcq2LMuM3tbfhGzQq64t+8PTRJPjJ+jkbE2mgXOUfusYqKybJsmNF2erjI0eXFhdXY38PWdt1C26klZSstrjwnZpzJ6Wypp7nYG/lHwlXf3m2XID05meUMTemwt33VW8xOtdmAu+VIly8I6K8jqoj2Yq+0PpyMTfrtka7WJV5GNvZlrIw2XdgGGRklNLaT7qZmaniCtPumVsRo5uVp6zcQG7m4jKz8QG5mEu9eg1w3UZzUa+tLmRyyitrGa2x9VI/d5Ni1M99i+XH5mc0u372VIPDI2TfRQsrhrmNWsVjbk3drJ+Bk3F2Ni3kkkbl3cfH2d6/5GtrGteTKpbCo9Oiwtoovm4/iF0GUHUqASKOoR0qPpUCPpUfSpFSo+lRg8Q3IQEHpUZO20cjey32CpUhvW2glb82xKmfpUkUhpUkWogloG2MmMisA0Je+jVcmYDly61CzeIhmvAPTLxZYuPUvHEbcqRj0eetmg7u4ybEudBh2bIzy09byNDpN1HRlVuIFrRXEasmLFHLE8bNizF4sy1XqILiNKr4RnrI6pPJXiZ+ROWRrr+2WrGcvqRqwk9c6CahBSuzDpbhaECvkw2a3hlyjB7ipLZqD3tdifyrfSuvJcY2b2SjSWSjZRsyt7LYh2rS9Mfm5FYteSlxy+S7cW2l6tPb5d3i3eY5LJ+Qu7fth87B9aNjLXXV9UjWpUT3z8erHoNv2msW6maP8ASL6Cwi1OzbpuYP8A2UU8woxIrjRr1ZJFr0sre7yJKHmEF5KnycssfutUubHtLdpisuM6+1xf9oBuaVOlVYazaSrksndsvVHJxqofHMrclZW90YTiG7iAg+4LqbbWz/VX4k25W6xdR913eXLJeJKlbSo7vFp1MAS3DeEjrVqrkP4lo6S7+b/eBZHbLJmyB6O3STO28Zc5wtHadetCyN4WZVkX6TVvTdcvMph1ruq+zix6GiRyWkEsfihX7DPuOvwdesUTRr3odcWW8atHxx8RxoN5FLNE2TFjKfbeMrc6nfQSrHllG3SwV/K8uPJmHapbq3FupWyViCtV7tUZeTdTGi+pZ7n0im1dq5cijmlkZveLe4giozYr/ZK6evlXHEWIt6vqRW3HVj5eomtacciOb0sE20fSv7wqXUyYtLX0R5Fbey7sEXF1suKlXI/UzEs7Vbqj+sX2VAU6h9zJlIze0Rr1Gn4ct6/cMvflF91QfcJ1CnKP9Gv2AoT6V5/5U+g+gxR242SVak6EMaBC0GD6BthqEsTKytkvijb+hgE5VgDWfzpXyMIyGQg0/TYahqbco4mx8LSf4FNIzVO1GbmkibS2Iqsyt7JLuMlpuoydrTIbHXbJWIkfbixNuBuxt4fKbHsdqS1VrOVuXVDl8aGL32YlgnkSRZEbFlbJWJ6mtOO/jXo93bNRslJLV1Ze7bqAdA1tLiPupcVnX/6flLKS22bNOLHPZjs560DqFk3hKSbJWxZen2TWRvvxbqBbu1jryxCVtz3YyUs3slbcK7dKmslsF6sQSe1Wg9PryVm47Nuphsz4rivUWV8+K4r1FY0bdTCrnoeuVSt1K429Wv1g6+nVFbzFBI7VbIfLDydZ6MHKcoOoWwn2Ov6cYG80KglKBl38hbN7OIGLn6dH6ifv3+p/iaOFm6QqOz8w/SXXJo26m5R+1+QPpKtOOJTncsdKnlbGKJpPdXpC5ez18q5NAx6d2PtbZdNgxVc5l7yRvw71LW4hj5dItdPHhljwyaznXqilX6oI9Gp1KezXNnFVmyjVvqlTedn7OTqRV91Sfngv6d5ZuI9E/mhaCF84n/wrKkdRCOmOZygqiEADTdRMohAbkh1BCFQstB+/Ife/vPTadK+6IRh27fF9BG+UOziEQ3gSTpYq706IYrPX3ygPIdEDGqDWflCqqIRXLn8v8nKElBCKZT7HXX3tB9b7QMQhcujz/wAp/wAn+CbL5eL9IpZzfKCEX+GD1Hsf94we6X9fEIRL0PH/ABAy9RAwhGN+1VwQhCD/2Q==', 'nacimiento', 'chainis'),
(30, 'enri2', 'marte2', 'enrico', '2016-03-03', 'enricomartella@gmail.com', '$2a$10$OMy8fw9TvIXt7vLhfqUgzezT5poT6KpdFwbJ0jXBocl6TnmnGEvwq', 2147483647, 'https://www.movilzona.es/app/uploads/2018/10/app-foto-movimiento.jpg', 'vacaciones', 'china');

--
-- Índices para tablas volcadas
--

--
-- Indices de la tabla `comentarios`
--
ALTER TABLE `comentarios`
  ADD PRIMARY KEY (`id`),
  ADD KEY `idPost` (`idPost`),
  ADD KEY `idUsuario` (`idUsuario`);

--
-- Indices de la tabla `posteos`
--
ALTER TABLE `posteos`
  ADD PRIMARY KEY (`id`),
  ADD UNIQUE KEY `id` (`id`),
  ADD KEY `idUsuario` (`idUsuario`);

--
-- Indices de la tabla `seguidores`
--
ALTER TABLE `seguidores`
  ADD PRIMARY KEY (`id`),
  ADD KEY `idSeguido` (`idSeguido`),
  ADD KEY `idSeguidor` (`idSeguidor`);

--
-- Indices de la tabla `usuarios`
--
ALTER TABLE `usuarios`
  ADD PRIMARY KEY (`id`),
  ADD UNIQUE KEY `id` (`id`);

--
-- AUTO_INCREMENT de las tablas volcadas
--

--
-- AUTO_INCREMENT de la tabla `comentarios`
--
ALTER TABLE `comentarios`
  MODIFY `id` int(11) NOT NULL AUTO_INCREMENT, AUTO_INCREMENT=216;

--
-- AUTO_INCREMENT de la tabla `posteos`
--
ALTER TABLE `posteos`
  MODIFY `id` int(11) NOT NULL AUTO_INCREMENT, AUTO_INCREMENT=76;

--
-- AUTO_INCREMENT de la tabla `seguidores`
--
ALTER TABLE `seguidores`
  MODIFY `id` int(11) NOT NULL AUTO_INCREMENT, AUTO_INCREMENT=44;

--
-- AUTO_INCREMENT de la tabla `usuarios`
--
ALTER TABLE `usuarios`
  MODIFY `id` int(1) NOT NULL AUTO_INCREMENT, AUTO_INCREMENT=31;

--
-- Restricciones para tablas volcadas
--

--
-- Filtros para la tabla `comentarios`
--
ALTER TABLE `comentarios`
  ADD CONSTRAINT `comentarios_ibfk_1` FOREIGN KEY (`idPost`) REFERENCES `posteos` (`id`),
  ADD CONSTRAINT `comentarios_ibfk_2` FOREIGN KEY (`idUsuario`) REFERENCES `usuarios` (`id`);

--
-- Filtros para la tabla `posteos`
--
ALTER TABLE `posteos`
  ADD CONSTRAINT `posteos_ibfk_1` FOREIGN KEY (`idUsuario`) REFERENCES `usuarios` (`id`);

--
-- Filtros para la tabla `seguidores`
--
ALTER TABLE `seguidores`
  ADD CONSTRAINT `seguidores_ibfk_1` FOREIGN KEY (`idSeguido`) REFERENCES `usuarios` (`id`),
  ADD CONSTRAINT `seguidores_ibfk_2` FOREIGN KEY (`idSeguidor`) REFERENCES `usuarios` (`id`);
COMMIT;

/*!40101 SET CHARACTER_SET_CLIENT=@OLD_CHARACTER_SET_CLIENT */;
/*!40101 SET CHARACTER_SET_RESULTS=@OLD_CHARACTER_SET_RESULTS */;
/*!40101 SET COLLATION_CONNECTION=@OLD_COLLATION_CONNECTION */;
